TargetID,WeekStartDate,StoreID,NetSalesTarget,GrossMarginTarget,AvailabilityTarget,SupplierFillRateTarget,OnTimeDeliveryTarget
TG00001,2026-02-23,ST001,122718.81,0.29,0.94,0.95,0.93
TG00002,2026-02-23,ST002,196877.05,0.29,0.94,0.95,0.93
TG00003,2026-02-23,ST003,148070.64,0.29,0.94,0.95,0.93
TG00004,2026-02-23,ST004,116906.51,0.29,0.94,0.95,0.93
TG00005,2026-02-23,ST005,213867.11,0.29,0.94,0.95,0.93
TG00006,2026-02-23,ST006,164701.05,0.29,0.94,0.95,0.93
TG00007,2026-02-23,ST007,166142.61,0.29,0.94,0.95,0.93
TG00008,2026-02-23,ST008,206009.16,0.29,0.94,0.95,0.93
TG00009,2026-02-23,ST009,138648.5,0.29,0.94,0.95,0.93
TG00010,2026-02-23,ST010,105546.39,0.29,0.94,0.95,0.93
TG00011,2026-02-23,ST011,142111.54,0.29,0.94,0.95,0.93
TG00012,2026-02-23,ST012,142509.45,0.29,0.94,0.95,0.93
TG00013,2026-02-23,ST013,153370.47,0.29,0.94,0.95,0.93
TG00014,2026-02-23,ST014,86292.61,0.29,0.94,0.95,0.93
TG00015,2026-02-23,ST015,150554.85,0.29,0.94,0.95,0.93
TG00016,2026-02-23,ST016,159304.86,0.29,0.94,0.95,0.93
TG00017,2026-02-23,ST017,82543.02,0.29,0.94,0.95,0.93
TG00018,2026-02-23,ST018,131083.43,0.29,0.94,0.95,0.93
TG00019,2026-02-23,ST019,187406.15,0.29,0.94,0.95,0.93
TG00020,2026-02-23,ST020,109055.94,0.29,0.94,0.95,0.93
TG00021,2026-02-23,ST021,155777.0,0.29,0.94,0.95,0.93
TG00022,2026-02-23,ST022,101564.38,0.29,0.94,0.95,0.93
TG00023,2026-02-23,ST023,154967.98,0.29,0.94,0.95,0.93
TG00024,2026-02-23,ST024,103340.99,0.29,0.94,0.95,0.93
TG00025,2026-02-23,ST025,95497.17,0.29,0.94,0.95,0.93
TG00026,2026-02-23,ST026,125801.63,0.29,0.94,0.95,0.93
TG00027,2026-02-23,ST027,139000.66,0.29,0.94,0.95,0.93
TG00028,2026-02-23,ST028,71937.03,0.29,0.94,0.95,0.93
TG00029,2026-02-23,ST029,118945.91,0.29,0.94,0.95,0.93
TG00030,2026-02-23,ST030,146898.61,0.29,0.94,0.95,0.93
TG00031,2026-02-23,ST031,135238.85,0.29,0.94,0.95,0.93
TG00032,2026-02-23,ST032,102896.54,0.29,0.94,0.95,0.93
TG00033,2026-02-23,ST033,62396.32,0.29,0.94,0.95,0.93
TG00034,2026-02-23,ST034,93108.26,0.29,0.94,0.95,0.93
TG00035,2026-02-23,ST035,113169.2,0.29,0.94,0.95,0.93
TG00036,2026-02-23,ST036,72704.0,0.29,0.94,0.95,0.93
TG00037,2026-03-02,ST001,118641.22,0.29,0.94,0.95,0.93
TG00038,2026-03-02,ST002,204517.28,0.29,0.94,0.95,0.93
TG00039,2026-03-02,ST003,147204.16,0.29,0.94,0.95,0.93
TG00040,2026-03-02,ST004,119522.37,0.29,0.94,0.95,0.93
TG00041,2026-03-02,ST005,205028.67,0.29,0.94,0.95,0.93
TG00042,2026-03-02,ST006,175081.43,0.29,0.94,0.95,0.93
TG00043,2026-03-02,ST007,169850.94,0.29,0.94,0.95,0.93
TG00044,2026-03-02,ST008,197304.2,0.29,0.94,0.95,0.93
TG00045,2026-03-02,ST009,141630.1,0.29,0.94,0.95,0.93
TG00046,2026-03-02,ST010,104767.15,0.29,0.94,0.95,0.93
TG00047,2026-03-02,ST011,141940.54,0.29,0.94,0.95,0.93
TG00048,2026-03-02,ST012,151708.37,0.29,0.94,0.95,0.93
TG00049,2026-03-02,ST013,153616.84,0.29,0.94,0.95,0.93
TG00050,2026-03-02,ST014,87466.99,0.29,0.94,0.95,0.93
TG00051,2026-03-02,ST015,154453.84,0.29,0.94,0.95,0.93
TG00052,2026-03-02,ST016,155661.88,0.29,0.94,0.95,0.93
TG00053,2026-03-02,ST017,78688.17,0.29,0.94,0.95,0.93
TG00054,2026-03-02,ST018,134957.18,0.29,0.94,0.95,0.93
TG00055,2026-03-02,ST019,182272.57,0.29,0.94,0.95,0.93
TG00056,2026-03-02,ST020,117550.25,0.29,0.94,0.95,0.93
TG00057,2026-03-02,ST021,147168.31,0.29,0.94,0.95,0.93
TG00058,2026-03-02,ST022,95170.13,0.29,0.94,0.95,0.93
TG00059,2026-03-02,ST023,155715.33,0.29,0.94,0.95,0.93
TG00060,2026-03-02,ST024,105329.91,0.29,0.94,0.95,0.93
TG00061,2026-03-02,ST025,95204.02,0.29,0.94,0.95,0.93
TG00062,2026-03-02,ST026,131102.17,0.29,0.94,0.95,0.93
TG00063,2026-03-02,ST027,134591.99,0.29,0.94,0.95,0.93
TG00064,2026-03-02,ST028,69663.74,0.29,0.94,0.95,0.93
TG00065,2026-03-02,ST029,108045.93,0.29,0.94,0.95,0.93
TG00066,2026-03-02,ST030,135510.14,0.29,0.94,0.95,0.93
TG00067,2026-03-02,ST031,124343.78,0.29,0.94,0.95,0.93
TG00068,2026-03-02,ST032,105696.08,0.29,0.94,0.95,0.93
TG00069,2026-03-02,ST033,63635.55,0.29,0.94,0.95,0.93
TG00070,2026-03-02,ST034,90232.46,0.29,0.94,0.95,0.93
TG00071,2026-03-02,ST035,118987.68,0.29,0.94,0.95,0.93
TG00072,2026-03-02,ST036,72212.01,0.29,0.94,0.95,0.93
TG00073,2026-03-09,ST001,115037.95,0.29,0.94,0.95,0.93
TG00074,2026-03-09,ST002,212452.47,0.29,0.94,0.95,0.93
TG00075,2026-03-09,ST003,147237.05,0.29,0.94,0.95,0.93
TG00076,2026-03-09,ST004,118068.53,0.29,0.94,0.95,0.93
TG00077,2026-03-09,ST005,214529.96,0.29,0.94,0.95,0.93
TG00078,2026-03-09,ST006,171063.98,0.29,0.94,0.95,0.93
TG00079,2026-03-09,ST007,165158.72,0.29,0.94,0.95,0.93
TG00080,2026-03-09,ST008,201190.1,0.29,0.94,0.95,0.93
TG00081,2026-03-09,ST009,130096.47,0.29,0.94,0.95,0.93
TG00082,2026-03-09,ST010,104610.17,0.29,0.94,0.95,0.93
TG00083,2026-03-09,ST011,128029.55,0.29,0.94,0.95,0.93
TG00084,2026-03-09,ST012,148670.34,0.29,0.94,0.95,0.93
TG00085,2026-03-09,ST013,147477.13,0.29,0.94,0.95,0.93
TG00086,2026-03-09,ST014,90230.99,0.29,0.94,0.95,0.93
TG00087,2026-03-09,ST015,154881.66,0.29,0.94,0.95,0.93
TG00088,2026-03-09,ST016,154170.74,0.29,0.94,0.95,0.93
TG00089,2026-03-09,ST017,79225.93,0.29,0.94,0.95,0.93
TG00090,2026-03-09,ST018,132115.58,0.29,0.94,0.95,0.93
TG00091,2026-03-09,ST019,181428.05,0.29,0.94,0.95,0.93
TG00092,2026-03-09,ST020,112746.14,0.29,0.94,0.95,0.93
TG00093,2026-03-09,ST021,148184.08,0.29,0.94,0.95,0.93
TG00094,2026-03-09,ST022,103665.82,0.29,0.94,0.95,0.93
TG00095,2026-03-09,ST023,154841.74,0.29,0.94,0.95,0.93
TG00096,2026-03-09,ST024,109275.44,0.29,0.94,0.95,0.93
TG00097,2026-03-09,ST025,104264.19,0.29,0.94,0.95,0.93
TG00098,2026-03-09,ST026,125573.15,0.29,0.94,0.95,0.93
TG00099,2026-03-09,ST027,130885.91,0.29,0.94,0.95,0.93
TG00100,2026-03-09,ST028,68852.77,0.29,0.94,0.95,0.93
TG00101,2026-03-09,ST029,112197.02,0.29,0.94,0.95,0.93
TG00102,2026-03-09,ST030,139045.76,0.29,0.94,0.95,0.93
TG00103,2026-03-09,ST031,128088.84,0.29,0.94,0.95,0.93
TG00104,2026-03-09,ST032,103459.17,0.29,0.94,0.95,0.93
TG00105,2026-03-09,ST033,66127.03,0.29,0.94,0.95,0.93
TG00106,2026-03-09,ST034,91767.55,0.29,0.94,0.95,0.93
TG00107,2026-03-09,ST035,110120.14,0.29,0.94,0.95,0.93
TG00108,2026-03-09,ST036,75072.48,0.29,0.94,0.95,0.93
TG00109,2026-03-16,ST001,123790.47,0.29,0.94,0.95,0.93
TG00110,2026-03-16,ST002,201750.39,0.29,0.94,0.95,0.93
TG00111,2026-03-16,ST003,145229.39,0.29,0.94,0.95,0.93
TG00112,2026-03-16,ST004,115589.54,0.29,0.94,0.95,0.93
TG00113,2026-03-16,ST005,217245.4,0.29,0.94,0.95,0.93
TG00114,2026-03-16,ST006,163874.98,0.29,0.94,0.95,0.93
TG00115,2026-03-16,ST007,162048.91,0.29,0.94,0.95,0.93
TG00116,2026-03-16,ST008,197191.05,0.29,0.94,0.95,0.93
TG00117,2026-03-16,ST009,132584.48,0.29,0.94,0.95,0.93
TG00118,2026-03-16,ST010,101477.21,0.29,0.94,0.95,0.93
TG00119,2026-03-16,ST011,135644.78,0.29,0.94,0.95,0.93
TG00120,2026-03-16,ST012,147723.85,0.29,0.94,0.95,0.93
TG00121,2026-03-16,ST013,155875.62,0.29,0.94,0.95,0.93
TG00122,2026-03-16,ST014,91952.68,0.29,0.94,0.95,0.93
TG00123,2026-03-16,ST015,153392.83,0.29,0.94,0.95,0.93
TG00124,2026-03-16,ST016,158896.54,0.29,0.94,0.95,0.93
TG00125,2026-03-16,ST017,87312.91,0.29,0.94,0.95,0.93
TG00126,2026-03-16,ST018,134769.76,0.29,0.94,0.95,0.93
TG00127,2026-03-16,ST019,183116.86,0.29,0.94,0.95,0.93
TG00128,2026-03-16,ST020,107755.6,0.29,0.94,0.95,0.93
TG00129,2026-03-16,ST021,151823.26,0.29,0.94,0.95,0.93
TG00130,2026-03-16,ST022,103795.69,0.29,0.94,0.95,0.93
TG00131,2026-03-16,ST023,154071.45,0.29,0.94,0.95,0.93
TG00132,2026-03-16,ST024,102117.1,0.29,0.94,0.95,0.93
TG00133,2026-03-16,ST025,96169.25,0.29,0.94,0.95,0.93
TG00134,2026-03-16,ST026,129913.39,0.29,0.94,0.95,0.93
TG00135,2026-03-16,ST027,132733.92,0.29,0.94,0.95,0.93
TG00136,2026-03-16,ST028,69424.03,0.29,0.94,0.95,0.93
TG00137,2026-03-16,ST029,113093.29,0.29,0.94,0.95,0.93
TG00138,2026-03-16,ST030,143180.23,0.29,0.94,0.95,0.93
TG00139,2026-03-16,ST031,131009.06,0.29,0.94,0.95,0.93
TG00140,2026-03-16,ST032,102600.44,0.29,0.94,0.95,0.93
TG00141,2026-03-16,ST033,63692.24,0.29,0.94,0.95,0.93
TG00142,2026-03-16,ST034,93144.03,0.29,0.94,0.95,0.93
TG00143,2026-03-16,ST035,113538.63,0.29,0.94,0.95,0.93
TG00144,2026-03-16,ST036,69042.52,0.29,0.94,0.95,0.93
TG00145,2026-03-23,ST001,117105.02,0.29,0.94,0.95,0.93
TG00146,2026-03-23,ST002,215149.9,0.29,0.94,0.95,0.93
TG00147,2026-03-23,ST003,154632.67,0.29,0.94,0.95,0.93
TG00148,2026-03-23,ST004,110991.41,0.29,0.94,0.95,0.93
TG00149,2026-03-23,ST005,219269.05,0.29,0.94,0.95,0.93
TG00150,2026-03-23,ST006,170336.62,0.29,0.94,0.95,0.93
TG00151,2026-03-23,ST007,172118.83,0.29,0.94,0.95,0.93
TG00152,2026-03-23,ST008,202642.54,0.29,0.94,0.95,0.93
TG00153,2026-03-23,ST009,135390.29,0.29,0.94,0.95,0.93
TG00154,2026-03-23,ST010,103830.14,0.29,0.94,0.95,0.93
TG00155,2026-03-23,ST011,145704.67,0.29,0.94,0.95,0.93
TG00156,2026-03-23,ST012,152030.03,0.29,0.94,0.95,0.93
TG00157,2026-03-23,ST013,153804.15,0.29,0.94,0.95,0.93
TG00158,2026-03-23,ST014,93305.34,0.29,0.94,0.95,0.93
TG00159,2026-03-23,ST015,155627.41,0.29,0.94,0.95,0.93
TG00160,2026-03-23,ST016,162041.32,0.29,0.94,0.95,0.93
TG00161,2026-03-23,ST017,81976.51,0.29,0.94,0.95,0.93
TG00162,2026-03-23,ST018,134711.56,0.29,0.94,0.95,0.93
TG00163,2026-03-23,ST019,200197.19,0.29,0.94,0.95,0.93
TG00164,2026-03-23,ST020,116871.1,0.29,0.94,0.95,0.93
TG00165,2026-03-23,ST021,151034.79,0.29,0.94,0.95,0.93
TG00166,2026-03-23,ST022,99121.1,0.29,0.94,0.95,0.93
TG00167,2026-03-23,ST023,156684.7,0.29,0.94,0.95,0.93
TG00168,2026-03-23,ST024,106977.21,0.29,0.94,0.95,0.93
TG00169,2026-03-23,ST025,94689.83,0.29,0.94,0.95,0.93
TG00170,2026-03-23,ST026,130211.91,0.29,0.94,0.95,0.93
TG00171,2026-03-23,ST027,137613.05,0.29,0.94,0.95,0.93
TG00172,2026-03-23,ST028,73423.5,0.29,0.94,0.95,0.93
TG00173,2026-03-23,ST029,121617.79,0.29,0.94,0.95,0.93
TG00174,2026-03-23,ST030,139037.52,0.29,0.94,0.95,0.93
TG00175,2026-03-23,ST031,128472.0,0.29,0.94,0.95,0.93
TG00176,2026-03-23,ST032,104872.41,0.29,0.94,0.95,0.93
TG00177,2026-03-23,ST033,62789.51,0.29,0.94,0.95,0.93
TG00178,2026-03-23,ST034,89843.16,0.29,0.94,0.95,0.93
TG00179,2026-03-23,ST035,119027.76,0.29,0.94,0.95,0.93
TG00180,2026-03-23,ST036,74409.02,0.29,0.94,0.95,0.93
TG00181,2026-03-30,ST001,128407.66,0.29,0.94,0.95,0.93
TG00182,2026-03-30,ST002,211038.75,0.29,0.94,0.95,0.93
TG00183,2026-03-30,ST003,160267.29,0.29,0.94,0.95,0.93
TG00184,2026-03-30,ST004,119256.57,0.29,0.94,0.95,0.93
TG00185,2026-03-30,ST005,231535.37,0.29,0.94,0.95,0.93
TG00186,2026-03-30,ST006,173316.16,0.29,0.94,0.95,0.93
TG00187,2026-03-30,ST007,178644.02,0.29,0.94,0.95,0.93
TG00188,2026-03-30,ST008,213806.25,0.29,0.94,0.95,0.93
TG00189,2026-03-30,ST009,145574.03,0.29,0.94,0.95,0.93
TG00190,2026-03-30,ST010,103046.87,0.29,0.94,0.95,0.93
TG00191,2026-03-30,ST011,137281.31,0.29,0.94,0.95,0.93
TG00192,2026-03-30,ST012,151185.37,0.29,0.94,0.95,0.93
TG00193,2026-03-30,ST013,157891.88,0.29,0.94,0.95,0.93
TG00194,2026-03-30,ST014,96393.7,0.29,0.94,0.95,0.93
TG00195,2026-03-30,ST015,161870.59,0.29,0.94,0.95,0.93
TG00196,2026-03-30,ST016,165333.85,0.29,0.94,0.95,0.93
TG00197,2026-03-30,ST017,84191.2,0.29,0.94,0.95,0.93
TG00198,2026-03-30,ST018,131216.7,0.29,0.94,0.95,0.93
TG00199,2026-03-30,ST019,195282.59,0.29,0.94,0.95,0.93
TG00200,2026-03-30,ST020,120633.8,0.29,0.94,0.95,0.93
TG00201,2026-03-30,ST021,159947.87,0.29,0.94,0.95,0.93
TG00202,2026-03-30,ST022,108376.46,0.29,0.94,0.95,0.93
TG00203,2026-03-30,ST023,165234.31,0.29,0.94,0.95,0.93
TG00204,2026-03-30,ST024,112096.1,0.29,0.94,0.95,0.93
TG00205,2026-03-30,ST025,97840.11,0.29,0.94,0.95,0.93
TG00206,2026-03-30,ST026,136374.66,0.29,0.94,0.95,0.93
TG00207,2026-03-30,ST027,153741.71,0.29,0.94,0.95,0.93
TG00208,2026-03-30,ST028,77141.8,0.29,0.94,0.95,0.93
TG00209,2026-03-30,ST029,122094.97,0.29,0.94,0.95,0.93
TG00210,2026-03-30,ST030,147439.56,0.29,0.94,0.95,0.93
TG00211,2026-03-30,ST031,131813.11,0.29,0.94,0.95,0.93
TG00212,2026-03-30,ST032,112830.01,0.29,0.94,0.95,0.93
TG00213,2026-03-30,ST033,69759.61,0.29,0.94,0.95,0.93
TG00214,2026-03-30,ST034,93496.03,0.29,0.94,0.95,0.93
TG00215,2026-03-30,ST035,123979.7,0.29,0.94,0.95,0.93
TG00216,2026-03-30,ST036,74237.98,0.29,0.94,0.95,0.93
TG00217,2026-04-06,ST001,122029.5,0.29,0.94,0.95,0.93
TG00218,2026-04-06,ST002,208576.15,0.29,0.94,0.95,0.93
TG00219,2026-04-06,ST003,144129.28,0.29,0.94,0.95,0.93
TG00220,2026-04-06,ST004,110037.29,0.29,0.94,0.95,0.93
TG00221,2026-04-06,ST005,221115.74,0.29,0.94,0.95,0.93
TG00222,2026-04-06,ST006,161313.03,0.29,0.94,0.95,0.93
TG00223,2026-04-06,ST007,166906.77,0.29,0.94,0.95,0.93
TG00224,2026-04-06,ST008,194855.95,0.29,0.94,0.95,0.93
TG00225,2026-04-06,ST009,138994.18,0.29,0.94,0.95,0.93
TG00226,2026-04-06,ST010,103958.62,0.29,0.94,0.95,0.93
TG00227,2026-04-06,ST011,133126.66,0.29,0.94,0.95,0.93
TG00228,2026-04-06,ST012,146636.94,0.29,0.94,0.95,0.93
TG00229,2026-04-06,ST013,155442.79,0.29,0.94,0.95,0.93
TG00230,2026-04-06,ST014,89990.35,0.29,0.94,0.95,0.93
TG00231,2026-04-06,ST015,156047.19,0.29,0.94,0.95,0.93
TG00232,2026-04-06,ST016,158142.42,0.29,0.94,0.95,0.93
TG00233,2026-04-06,ST017,84652.81,0.29,0.94,0.95,0.93
TG00234,2026-04-06,ST018,139014.85,0.29,0.94,0.95,0.93
TG00235,2026-04-06,ST019,196014.61,0.29,0.94,0.95,0.93
TG00236,2026-04-06,ST020,117513.91,0.29,0.94,0.95,0.93
TG00237,2026-04-06,ST021,154717.38,0.29,0.94,0.95,0.93
TG00238,2026-04-06,ST022,95316.82,0.29,0.94,0.95,0.93
TG00239,2026-04-06,ST023,154681.83,0.29,0.94,0.95,0.93
TG00240,2026-04-06,ST024,100614.78,0.29,0.94,0.95,0.93
TG00241,2026-04-06,ST025,94108.97,0.29,0.94,0.95,0.93
TG00242,2026-04-06,ST026,136865.18,0.29,0.94,0.95,0.93
TG00243,2026-04-06,ST027,131852.35,0.29,0.94,0.95,0.93
TG00244,2026-04-06,ST028,74940.84,0.29,0.94,0.95,0.93
TG00245,2026-04-06,ST029,111311.3,0.29,0.94,0.95,0.93
TG00246,2026-04-06,ST030,141746.29,0.29,0.94,0.95,0.93
TG00247,2026-04-06,ST031,132182.25,0.29,0.94,0.95,0.93
TG00248,2026-04-06,ST032,104264.4,0.29,0.94,0.95,0.93
TG00249,2026-04-06,ST033,64553.32,0.29,0.94,0.95,0.93
TG00250,2026-04-06,ST034,96826.29,0.29,0.94,0.95,0.93
TG00251,2026-04-06,ST035,109670.11,0.29,0.94,0.95,0.93
TG00252,2026-04-06,ST036,72923.35,0.29,0.94,0.95,0.93
TG00253,2026-04-13,ST001,114864.49,0.29,0.94,0.95,0.93
TG00254,2026-04-13,ST002,211458.55,0.29,0.94,0.95,0.93
TG00255,2026-04-13,ST003,153669.27,0.29,0.94,0.95,0.93
TG00256,2026-04-13,ST004,111040.47,0.29,0.94,0.95,0.93
TG00257,2026-04-13,ST005,217198.6,0.29,0.94,0.95,0.93
TG00258,2026-04-13,ST006,163784.97,0.29,0.94,0.95,0.93
TG00259,2026-04-13,ST007,170680.55,0.29,0.94,0.95,0.93
TG00260,2026-04-13,ST008,205967.98,0.29,0.94,0.95,0.93
TG00261,2026-04-13,ST009,137241.34,0.29,0.94,0.95,0.93
TG00262,2026-04-13,ST010,114643.98,0.29,0.94,0.95,0.93
TG00263,2026-04-13,ST011,143890.42,0.29,0.94,0.95,0.93
TG00264,2026-04-13,ST012,150469.61,0.29,0.94,0.95,0.93
TG00265,2026-04-13,ST013,158897.56,0.29,0.94,0.95,0.93
TG00266,2026-04-13,ST014,92440.19,0.29,0.94,0.95,0.93
TG00267,2026-04-13,ST015,156979.98,0.29,0.94,0.95,0.93
TG00268,2026-04-13,ST016,157939.47,0.29,0.94,0.95,0.93
TG00269,2026-04-13,ST017,82502.76,0.29,0.94,0.95,0.93
TG00270,2026-04-13,ST018,138386.53,0.29,0.94,0.95,0.93
TG00271,2026-04-13,ST019,186959.7,0.29,0.94,0.95,0.93
TG00272,2026-04-13,ST020,114536.39,0.29,0.94,0.95,0.93
TG00273,2026-04-13,ST021,153633.55,0.29,0.94,0.95,0.93
TG00274,2026-04-13,ST022,105639.01,0.29,0.94,0.95,0.93
TG00275,2026-04-13,ST023,159479.2,0.29,0.94,0.95,0.93
TG00276,2026-04-13,ST024,112144.52,0.29,0.94,0.95,0.93
TG00277,2026-04-13,ST025,92012.76,0.29,0.94,0.95,0.93
TG00278,2026-04-13,ST026,129694.43,0.29,0.94,0.95,0.93
TG00279,2026-04-13,ST027,143756.21,0.29,0.94,0.95,0.93
TG00280,2026-04-13,ST028,72397.35,0.29,0.94,0.95,0.93
TG00281,2026-04-13,ST029,110079.53,0.29,0.94,0.95,0.93
TG00282,2026-04-13,ST030,138715.41,0.29,0.94,0.95,0.93
TG00283,2026-04-13,ST031,127606.04,0.29,0.94,0.95,0.93
TG00284,2026-04-13,ST032,103033.93,0.29,0.94,0.95,0.93
TG00285,2026-04-13,ST033,62419.09,0.29,0.94,0.95,0.93
TG00286,2026-04-13,ST034,99075.65,0.29,0.94,0.95,0.93
TG00287,2026-04-13,ST035,115682.63,0.29,0.94,0.95,0.93
TG00288,2026-04-13,ST036,67219.78,0.29,0.94,0.95,0.93
TG00289,2026-04-20,ST001,125880.71,0.29,0.94,0.95,0.93
TG00290,2026-04-20,ST002,214537.69,0.29,0.94,0.95,0.93
TG00291,2026-04-20,ST003,148410.94,0.29,0.94,0.95,0.93
TG00292,2026-04-20,ST004,108093.62,0.29,0.94,0.95,0.93
TG00293,2026-04-20,ST005,219995.86,0.29,0.94,0.95,0.93
TG00294,2026-04-20,ST006,172849.95,0.29,0.94,0.95,0.93
TG00295,2026-04-20,ST007,168134.14,0.29,0.94,0.95,0.93
TG00296,2026-04-20,ST008,208935.11,0.29,0.94,0.95,0.93
TG00297,2026-04-20,ST009,136471.7,0.29,0.94,0.95,0.93
TG00298,2026-04-20,ST010,110975.95,0.29,0.94,0.95,0.93
TG00299,2026-04-20,ST011,135240.04,0.29,0.94,0.95,0.93
TG00300,2026-04-20,ST012,149252.73,0.29,0.94,0.95,0.93
TG00301,2026-04-20,ST013,150945.9,0.29,0.94,0.95,0.93
TG00302,2026-04-20,ST014,92779.95,0.29,0.94,0.95,0.93
TG00303,2026-04-20,ST015,162544.93,0.29,0.94,0.95,0.93
TG00304,2026-04-20,ST016,154960.54,0.29,0.94,0.95,0.93
TG00305,2026-04-20,ST017,83291.49,0.29,0.94,0.95,0.93
TG00306,2026-04-20,ST018,137918.75,0.29,0.94,0.95,0.93
TG00307,2026-04-20,ST019,184932.66,0.29,0.94,0.95,0.93
TG00308,2026-04-20,ST020,116539.87,0.29,0.94,0.95,0.93
TG00309,2026-04-20,ST021,143829.6,0.29,0.94,0.95,0.93
TG00310,2026-04-20,ST022,105889.61,0.29,0.94,0.95,0.93
TG00311,2026-04-20,ST023,154063.5,0.29,0.94,0.95,0.93
TG00312,2026-04-20,ST024,107700.23,0.29,0.94,0.95,0.93
TG00313,2026-04-20,ST025,94970.35,0.29,0.94,0.95,0.93
TG00314,2026-04-20,ST026,129592.38,0.29,0.94,0.95,0.93
TG00315,2026-04-20,ST027,137740.94,0.29,0.94,0.95,0.93
TG00316,2026-04-20,ST028,64978.07,0.29,0.94,0.95,0.93
TG00317,2026-04-20,ST029,114745.8,0.29,0.94,0.95,0.93
TG00318,2026-04-20,ST030,135209.23,0.29,0.94,0.95,0.93
TG00319,2026-04-20,ST031,125621.91,0.29,0.94,0.95,0.93
TG00320,2026-04-20,ST032,106267.25,0.29,0.94,0.95,0.93
TG00321,2026-04-20,ST033,64147.7,0.29,0.94,0.95,0.93
TG00322,2026-04-20,ST034,94432.54,0.29,0.94,0.95,0.93
TG00323,2026-04-20,ST035,115084.2,0.29,0.94,0.95,0.93
TG00324,2026-04-20,ST036,70260.18,0.29,0.94,0.95,0.93
TG00325,2026-04-27,ST001,120396.74,0.29,0.94,0.95,0.93
TG00326,2026-04-27,ST002,222838.12,0.29,0.94,0.95,0.93
TG00327,2026-04-27,ST003,159596.77,0.29,0.94,0.95,0.93
TG00328,2026-04-27,ST004,112684.5,0.29,0.94,0.95,0.93
TG00329,2026-04-27,ST005,219737.93,0.29,0.94,0.95,0.93
TG00330,2026-04-27,ST006,179439.97,0.29,0.94,0.95,0.93
TG00331,2026-04-27,ST007,169225.7,0.29,0.94,0.95,0.93
TG00332,2026-04-27,ST008,213234.81,0.29,0.94,0.95,0.93
TG00333,2026-04-27,ST009,145241.3,0.29,0.94,0.95,0.93
TG00334,2026-04-27,ST010,101413.33,0.29,0.94,0.95,0.93
TG00335,2026-04-27,ST011,137429.85,0.29,0.94,0.95,0.93
TG00336,2026-04-27,ST012,153140.54,0.29,0.94,0.95,0.93
TG00337,2026-04-27,ST013,155667.37,0.29,0.94,0.95,0.93
TG00338,2026-04-27,ST014,92185.55,0.29,0.94,0.95,0.93
TG00339,2026-04-27,ST015,158095.35,0.29,0.94,0.95,0.93
TG00340,2026-04-27,ST016,155649.51,0.29,0.94,0.95,0.93
TG00341,2026-04-27,ST017,84249.88,0.29,0.94,0.95,0.93
TG00342,2026-04-27,ST018,134516.79,0.29,0.94,0.95,0.93
TG00343,2026-04-27,ST019,184230.52,0.29,0.94,0.95,0.93
TG00344,2026-04-27,ST020,118011.93,0.29,0.94,0.95,0.93
TG00345,2026-04-27,ST021,149875.19,0.29,0.94,0.95,0.93
TG00346,2026-04-27,ST022,105370.33,0.29,0.94,0.95,0.93
TG00347,2026-04-27,ST023,156458.95,0.29,0.94,0.95,0.93
TG00348,2026-04-27,ST024,105309.4,0.29,0.94,0.95,0.93
TG00349,2026-04-27,ST025,95717.62,0.29,0.94,0.95,0.93
TG00350,2026-04-27,ST026,131074.47,0.29,0.94,0.95,0.93
TG00351,2026-04-27,ST027,137165.97,0.29,0.94,0.95,0.93
TG00352,2026-04-27,ST028,72602.92,0.29,0.94,0.95,0.93
TG00353,2026-04-27,ST029,116444.5,0.29,0.94,0.95,0.93
TG00354,2026-04-27,ST030,137609.45,0.29,0.94,0.95,0.93
TG00355,2026-04-27,ST031,130888.23,0.29,0.94,0.95,0.93
TG00356,2026-04-27,ST032,114477.65,0.29,0.94,0.95,0.93
TG00357,2026-04-27,ST033,63901.45,0.29,0.94,0.95,0.93
TG00358,2026-04-27,ST034,98687.35,0.29,0.94,0.95,0.93
TG00359,2026-04-27,ST035,115286.8,0.29,0.94,0.95,0.93
TG00360,2026-04-27,ST036,74783.14,0.29,0.94,0.95,0.93
TG00361,2026-05-04,ST001,123308.26,0.29,0.94,0.95,0.93
TG00362,2026-05-04,ST002,209029.04,0.29,0.94,0.95,0.93
TG00363,2026-05-04,ST003,152511.04,0.29,0.94,0.95,0.93
TG00364,2026-05-04,ST004,118627.46,0.29,0.94,0.95,0.93
TG00365,2026-05-04,ST005,224150.31,0.29,0.94,0.95,0.93
TG00366,2026-05-04,ST006,174253.3,0.29,0.94,0.95,0.93
TG00367,2026-05-04,ST007,170849.64,0.29,0.94,0.95,0.93
TG00368,2026-05-04,ST008,220834.44,0.29,0.94,0.95,0.93
TG00369,2026-05-04,ST009,138858.57,0.29,0.94,0.95,0.93
TG00370,2026-05-04,ST010,107264.94,0.29,0.94,0.95,0.93
TG00371,2026-05-04,ST011,136611.29,0.29,0.94,0.95,0.93
TG00372,2026-05-04,ST012,150482.1,0.29,0.94,0.95,0.93
TG00373,2026-05-04,ST013,156569.5,0.29,0.94,0.95,0.93
TG00374,2026-05-04,ST014,97808.67,0.29,0.94,0.95,0.93
TG00375,2026-05-04,ST015,156369.03,0.29,0.94,0.95,0.93
TG00376,2026-05-04,ST016,164059.08,0.29,0.94,0.95,0.93
TG00377,2026-05-04,ST017,83975.71,0.29,0.94,0.95,0.93
TG00378,2026-05-04,ST018,139815.63,0.29,0.94,0.95,0.93
TG00379,2026-05-04,ST019,198807.28,0.29,0.94,0.95,0.93
TG00380,2026-05-04,ST020,115632.7,0.29,0.94,0.95,0.93
TG00381,2026-05-04,ST021,152727.73,0.29,0.94,0.95,0.93
TG00382,2026-05-04,ST022,104179.36,0.29,0.94,0.95,0.93
TG00383,2026-05-04,ST023,163153.68,0.29,0.94,0.95,0.93
TG00384,2026-05-04,ST024,106923.72,0.29,0.94,0.95,0.93
TG00385,2026-05-04,ST025,94574.38,0.29,0.94,0.95,0.93
TG00386,2026-05-04,ST026,133889.27,0.29,0.94,0.95,0.93
TG00387,2026-05-04,ST027,138460.4,0.29,0.94,0.95,0.93
TG00388,2026-05-04,ST028,78064.43,0.29,0.94,0.95,0.93
TG00389,2026-05-04,ST029,125480.43,0.29,0.94,0.95,0.93
TG00390,2026-05-04,ST030,145321.92,0.29,0.94,0.95,0.93
TG00391,2026-05-04,ST031,132833.96,0.29,0.94,0.95,0.93
TG00392,2026-05-04,ST032,112028.09,0.29,0.94,0.95,0.93
TG00393,2026-05-04,ST033,59361.47,0.29,0.94,0.95,0.93
TG00394,2026-05-04,ST034,97064.99,0.29,0.94,0.95,0.93
TG00395,2026-05-04,ST035,116417.86,0.29,0.94,0.95,0.93
TG00396,2026-05-04,ST036,76547.09,0.29,0.94,0.95,0.93
TG00397,2026-05-11,ST001,121638.15,0.29,0.94,0.95,0.93
TG00398,2026-05-11,ST002,208165.88,0.29,0.94,0.95,0.93
TG00399,2026-05-11,ST003,158014.07,0.29,0.94,0.95,0.93
TG00400,2026-05-11,ST004,119111.68,0.29,0.94,0.95,0.93
TG00401,2026-05-11,ST005,232938.57,0.29,0.94,0.95,0.93
TG00402,2026-05-11,ST006,174930.85,0.29,0.94,0.95,0.93
TG00403,2026-05-11,ST007,178628.14,0.29,0.94,0.95,0.93
TG00404,2026-05-11,ST008,208947.73,0.29,0.94,0.95,0.93
TG00405,2026-05-11,ST009,140335.12,0.29,0.94,0.95,0.93
TG00406,2026-05-11,ST010,105831.85,0.29,0.94,0.95,0.93
TG00407,2026-05-11,ST011,141351.35,0.29,0.94,0.95,0.93
TG00408,2026-05-11,ST012,160459.5,0.29,0.94,0.95,0.93
TG00409,2026-05-11,ST013,159962.05,0.29,0.94,0.95,0.93
TG00410,2026-05-11,ST014,92199.79,0.29,0.94,0.95,0.93
TG00411,2026-05-11,ST015,161153.65,0.29,0.94,0.95,0.93
TG00412,2026-05-11,ST016,160947.5,0.29,0.94,0.95,0.93
TG00413,2026-05-11,ST017,85113.16,0.29,0.94,0.95,0.93
TG00414,2026-05-11,ST018,138689.27,0.29,0.94,0.95,0.93
TG00415,2026-05-11,ST019,195928.97,0.29,0.94,0.95,0.93
TG00416,2026-05-11,ST020,119882.29,0.29,0.94,0.95,0.93
TG00417,2026-05-11,ST021,164054.9,0.29,0.94,0.95,0.93
TG00418,2026-05-11,ST022,109505.36,0.29,0.94,0.95,0.93
TG00419,2026-05-11,ST023,163225.42,0.29,0.94,0.95,0.93
TG00420,2026-05-11,ST024,107173.34,0.29,0.94,0.95,0.93
TG00421,2026-05-11,ST025,100624.43,0.29,0.94,0.95,0.93
TG00422,2026-05-11,ST026,127903.19,0.29,0.94,0.95,0.93
TG00423,2026-05-11,ST027,148087.26,0.29,0.94,0.95,0.93
TG00424,2026-05-11,ST028,71474.86,0.29,0.94,0.95,0.93
TG00425,2026-05-11,ST029,121553.32,0.29,0.94,0.95,0.93
TG00426,2026-05-11,ST030,135062.91,0.29,0.94,0.95,0.93
TG00427,2026-05-11,ST031,135487.56,0.29,0.94,0.95,0.93
TG00428,2026-05-11,ST032,108158.66,0.29,0.94,0.95,0.93
TG00429,2026-05-11,ST033,67529.89,0.29,0.94,0.95,0.93
TG00430,2026-05-11,ST034,95572.48,0.29,0.94,0.95,0.93
TG00431,2026-05-11,ST035,118556.37,0.29,0.94,0.95,0.93
TG00432,2026-05-11,ST036,77902.23,0.29,0.94,0.95,0.93
TG00433,2026-05-18,ST001,126070.26,0.29,0.94,0.95,0.93
TG00434,2026-05-18,ST002,207051.23,0.29,0.94,0.95,0.93
TG00435,2026-05-18,ST003,159065.07,0.29,0.94,0.95,0.93
TG00436,2026-05-18,ST004,125548.25,0.29,0.94,0.95,0.93
TG00437,2026-05-18,ST005,223055.62,0.29,0.94,0.95,0.93
TG00438,2026-05-18,ST006,172831.85,0.29,0.94,0.95,0.93
TG00439,2026-05-18,ST007,190271.35,0.29,0.94,0.95,0.93
TG00440,2026-05-18,ST008,213907.32,0.29,0.94,0.95,0.93
TG00441,2026-05-18,ST009,142648.98,0.29,0.94,0.95,0.93
TG00442,2026-05-18,ST010,104839.55,0.29,0.94,0.95,0.93
TG00443,2026-05-18,ST011,141906.58,0.29,0.94,0.95,0.93
TG00444,2026-05-18,ST012,157246.13,0.29,0.94,0.95,0.93
TG00445,2026-05-18,ST013,158169.29,0.29,0.94,0.95,0.93
TG00446,2026-05-18,ST014,96105.31,0.29,0.94,0.95,0.93
TG00447,2026-05-18,ST015,169870.42,0.29,0.94,0.95,0.93
TG00448,2026-05-18,ST016,166055.43,0.29,0.94,0.95,0.93
TG00449,2026-05-18,ST017,83837.91,0.29,0.94,0.95,0.93
TG00450,2026-05-18,ST018,137402.73,0.29,0.94,0.95,0.93
TG00451,2026-05-18,ST019,190108.75,0.29,0.94,0.95,0.93
TG00452,2026-05-18,ST020,119377.94,0.29,0.94,0.95,0.93
TG00453,2026-05-18,ST021,157427.68,0.29,0.94,0.95,0.93
TG00454,2026-05-18,ST022,104399.2,0.29,0.94,0.95,0.93
TG00455,2026-05-18,ST023,162676.74,0.29,0.94,0.95,0.93
TG00456,2026-05-18,ST024,108486.01,0.29,0.94,0.95,0.93
TG00457,2026-05-18,ST025,95774.65,0.29,0.94,0.95,0.93
TG00458,2026-05-18,ST026,131302.16,0.29,0.94,0.95,0.93
TG00459,2026-05-18,ST027,142089.71,0.29,0.94,0.95,0.93
TG00460,2026-05-18,ST028,72390.02,0.29,0.94,0.95,0.93
TG00461,2026-05-18,ST029,111349.31,0.29,0.94,0.95,0.93
TG00462,2026-05-18,ST030,150753.64,0.29,0.94,0.95,0.93
TG00463,2026-05-18,ST031,127646.87,0.29,0.94,0.95,0.93
TG00464,2026-05-18,ST032,108078.37,0.29,0.94,0.95,0.93
TG00465,2026-05-18,ST033,63444.01,0.29,0.94,0.95,0.93
TG00466,2026-05-18,ST034,91896.54,0.29,0.94,0.95,0.93
TG00467,2026-05-18,ST035,111663.57,0.29,0.94,0.95,0.93
TG00468,2026-05-18,ST036,66478.29,0.29,0.94,0.95,0.93
TG00469,2026-05-25,ST001,124282.86,0.29,0.94,0.95,0.93
TG00470,2026-05-25,ST002,210597.33,0.29,0.94,0.95,0.93
TG00471,2026-05-25,ST003,156483.76,0.29,0.94,0.95,0.93
TG00472,2026-05-25,ST004,118638.62,0.29,0.94,0.95,0.93
TG00473,2026-05-25,ST005,232206.35,0.29,0.94,0.95,0.93
TG00474,2026-05-25,ST006,178013.89,0.29,0.94,0.95,0.93
TG00475,2026-05-25,ST007,174902.7,0.29,0.94,0.95,0.93
TG00476,2026-05-25,ST008,211309.16,0.29,0.94,0.95,0.93
TG00477,2026-05-25,ST009,141504.33,0.29,0.94,0.95,0.93
TG00478,2026-05-25,ST010,111343.72,0.29,0.94,0.95,0.93
TG00479,2026-05-25,ST011,146250.71,0.29,0.94,0.95,0.93
TG00480,2026-05-25,ST012,153657.01,0.29,0.94,0.95,0.93
TG00481,2026-05-25,ST013,165840.13,0.29,0.94,0.95,0.93
TG00482,2026-05-25,ST014,98232.44,0.29,0.94,0.95,0.93
TG00483,2026-05-25,ST015,171400.31,0.29,0.94,0.95,0.93
TG00484,2026-05-25,ST016,162436.35,0.29,0.94,0.95,0.93
TG00485,2026-05-25,ST017,85697.22,0.29,0.94,0.95,0.93
TG00486,2026-05-25,ST018,139210.75,0.29,0.94,0.95,0.93
TG00487,2026-05-25,ST019,199408.76,0.29,0.94,0.95,0.93
TG00488,2026-05-25,ST020,115092.24,0.29,0.94,0.95,0.93
TG00489,2026-05-25,ST021,165458.17,0.29,0.94,0.95,0.93
TG00490,2026-05-25,ST022,100210.08,0.29,0.94,0.95,0.93
TG00491,2026-05-25,ST023,162995.1,0.29,0.94,0.95,0.93
TG00492,2026-05-25,ST024,108846.44,0.29,0.94,0.95,0.93
TG00493,2026-05-25,ST025,95929.48,0.29,0.94,0.95,0.93
TG00494,2026-05-25,ST026,140770.9,0.29,0.94,0.95,0.93
TG00495,2026-05-25,ST027,144947.46,0.29,0.94,0.95,0.93
TG00496,2026-05-25,ST028,71032.01,0.29,0.94,0.95,0.93
TG00497,2026-05-25,ST029,129674.55,0.29,0.94,0.95,0.93
TG00498,2026-05-25,ST030,141159.52,0.29,0.94,0.95,0.93
TG00499,2026-05-25,ST031,124339.33,0.29,0.94,0.95,0.93
TG00500,2026-05-25,ST032,110966.83,0.29,0.94,0.95,0.93
TG00501,2026-05-25,ST033,59175.46,0.29,0.94,0.95,0.93
TG00502,2026-05-25,ST034,97444.88,0.29,0.94,0.95,0.93
TG00503,2026-05-25,ST035,110320.04,0.29,0.94,0.95,0.93
TG00504,2026-05-25,ST036,72601.83,0.29,0.94,0.95,0.93
TG00505,2026-06-01,ST001,126951.58,0.29,0.94,0.95,0.93
TG00506,2026-06-01,ST002,234206.0,0.29,0.94,0.95,0.93
TG00507,2026-06-01,ST003,160827.6,0.29,0.94,0.95,0.93
TG00508,2026-06-01,ST004,112106.08,0.29,0.94,0.95,0.93
TG00509,2026-06-01,ST005,240761.13,0.29,0.94,0.95,0.93
TG00510,2026-06-01,ST006,180263.7,0.29,0.94,0.95,0.93
TG00511,2026-06-01,ST007,182895.39,0.29,0.94,0.95,0.93
TG00512,2026-06-01,ST008,214197.07,0.29,0.94,0.95,0.93
TG00513,2026-06-01,ST009,148179.99,0.29,0.94,0.95,0.93
TG00514,2026-06-01,ST010,107623.58,0.29,0.94,0.95,0.93
TG00515,2026-06-01,ST011,145095.03,0.29,0.94,0.95,0.93
TG00516,2026-06-01,ST012,159308.29,0.29,0.94,0.95,0.93
TG00517,2026-06-01,ST013,166239.76,0.29,0.94,0.95,0.93
TG00518,2026-06-01,ST014,92076.21,0.29,0.94,0.95,0.93
TG00519,2026-06-01,ST015,169274.67,0.29,0.94,0.95,0.93
TG00520,2026-06-01,ST016,175932.46,0.29,0.94,0.95,0.93
TG00521,2026-06-01,ST017,86124.72,0.29,0.94,0.95,0.93
TG00522,2026-06-01,ST018,139248.17,0.29,0.94,0.95,0.93
TG00523,2026-06-01,ST019,196553.65,0.29,0.94,0.95,0.93
TG00524,2026-06-01,ST020,124778.47,0.29,0.94,0.95,0.93
TG00525,2026-06-01,ST021,158076.14,0.29,0.94,0.95,0.93
TG00526,2026-06-01,ST022,104820.14,0.29,0.94,0.95,0.93
TG00527,2026-06-01,ST023,166669.94,0.29,0.94,0.95,0.93
TG00528,2026-06-01,ST024,100799.56,0.29,0.94,0.95,0.93
TG00529,2026-06-01,ST025,103249.41,0.29,0.94,0.95,0.93
TG00530,2026-06-01,ST026,134156.02,0.29,0.94,0.95,0.93
TG00531,2026-06-01,ST027,153755.78,0.29,0.94,0.95,0.93
TG00532,2026-06-01,ST028,74595.34,0.29,0.94,0.95,0.93
TG00533,2026-06-01,ST029,120746.88,0.29,0.94,0.95,0.93
TG00534,2026-06-01,ST030,139206.27,0.29,0.94,0.95,0.93
TG00535,2026-06-01,ST031,132716.23,0.29,0.94,0.95,0.93
TG00536,2026-06-01,ST032,112499.41,0.29,0.94,0.95,0.93
TG00537,2026-06-01,ST033,67725.8,0.29,0.94,0.95,0.93
TG00538,2026-06-01,ST034,102441.65,0.29,0.94,0.95,0.93
TG00539,2026-06-01,ST035,111414.45,0.29,0.94,0.95,0.93
TG00540,2026-06-01,ST036,71083.88,0.29,0.94,0.95,0.93
TG00541,2026-06-08,ST001,124399.58,0.29,0.94,0.95,0.93
TG00542,2026-06-08,ST002,226532.78,0.29,0.94,0.95,0.93
TG00543,2026-06-08,ST003,158389.12,0.29,0.94,0.95,0.93
TG00544,2026-06-08,ST004,121447.33,0.29,0.94,0.95,0.93
TG00545,2026-06-08,ST005,234683.46,0.29,0.94,0.95,0.93
TG00546,2026-06-08,ST006,180159.73,0.29,0.94,0.95,0.93
TG00547,2026-06-08,ST007,176370.64,0.29,0.94,0.95,0.93
TG00548,2026-06-08,ST008,229528.49,0.29,0.94,0.95,0.93
TG00549,2026-06-08,ST009,154248.67,0.29,0.94,0.95,0.93
TG00550,2026-06-08,ST010,112055.06,0.29,0.94,0.95,0.93
TG00551,2026-06-08,ST011,140957.59,0.29,0.94,0.95,0.93
TG00552,2026-06-08,ST012,155523.26,0.29,0.94,0.95,0.93
TG00553,2026-06-08,ST013,161256.9,0.29,0.94,0.95,0.93
TG00554,2026-06-08,ST014,91113.46,0.29,0.94,0.95,0.93
TG00555,2026-06-08,ST015,169054.25,0.29,0.94,0.95,0.93
TG00556,2026-06-08,ST016,170326.71,0.29,0.94,0.95,0.93
TG00557,2026-06-08,ST017,87137.64,0.29,0.94,0.95,0.93
TG00558,2026-06-08,ST018,140460.27,0.29,0.94,0.95,0.93
TG00559,2026-06-08,ST019,201746.59,0.29,0.94,0.95,0.93
TG00560,2026-06-08,ST020,125536.11,0.29,0.94,0.95,0.93
TG00561,2026-06-08,ST021,152454.8,0.29,0.94,0.95,0.93
TG00562,2026-06-08,ST022,104220.59,0.29,0.94,0.95,0.93
TG00563,2026-06-08,ST023,162913.54,0.29,0.94,0.95,0.93
TG00564,2026-06-08,ST024,123518.86,0.29,0.94,0.95,0.93
TG00565,2026-06-08,ST025,97186.65,0.29,0.94,0.95,0.93
TG00566,2026-06-08,ST026,130767.95,0.29,0.94,0.95,0.93
TG00567,2026-06-08,ST027,148280.7,0.29,0.94,0.95,0.93
TG00568,2026-06-08,ST028,69468.86,0.29,0.94,0.95,0.93
TG00569,2026-06-08,ST029,117696.37,0.29,0.94,0.95,0.93
TG00570,2026-06-08,ST030,138068.59,0.29,0.94,0.95,0.93
TG00571,2026-06-08,ST031,130932.75,0.29,0.94,0.95,0.93
TG00572,2026-06-08,ST032,107508.56,0.29,0.94,0.95,0.93
TG00573,2026-06-08,ST033,67843.64,0.29,0.94,0.95,0.93
TG00574,2026-06-08,ST034,97714.35,0.29,0.94,0.95,0.93
TG00575,2026-06-08,ST035,123888.14,0.29,0.94,0.95,0.93
TG00576,2026-06-08,ST036,71189.6,0.29,0.94,0.95,0.93
TG00577,2026-06-15,ST001,131102.37,0.29,0.94,0.95,0.93
TG00578,2026-06-15,ST002,224090.97,0.29,0.94,0.95,0.93
TG00579,2026-06-15,ST003,159763.99,0.29,0.94,0.95,0.93
TG00580,2026-06-15,ST004,117658.88,0.29,0.94,0.95,0.93
TG00581,2026-06-15,ST005,229927.58,0.29,0.94,0.95,0.93
TG00582,2026-06-15,ST006,184202.58,0.29,0.94,0.95,0.93
TG00583,2026-06-15,ST007,180784.62,0.29,0.94,0.95,0.93
TG00584,2026-06-15,ST008,219605.88,0.29,0.94,0.95,0.93
TG00585,2026-06-15,ST009,144372.77,0.29,0.94,0.95,0.93
TG00586,2026-06-15,ST010,115931.05,0.29,0.94,0.95,0.93
TG00587,2026-06-15,ST011,143858.52,0.29,0.94,0.95,0.93
TG00588,2026-06-15,ST012,154254.71,0.29,0.94,0.95,0.93
TG00589,2026-06-15,ST013,166642.93,0.29,0.94,0.95,0.93
TG00590,2026-06-15,ST014,101556.06,0.29,0.94,0.95,0.93
TG00591,2026-06-15,ST015,173885.51,0.29,0.94,0.95,0.93
TG00592,2026-06-15,ST016,165365.62,0.29,0.94,0.95,0.93
TG00593,2026-06-15,ST017,88273.06,0.29,0.94,0.95,0.93
TG00594,2026-06-15,ST018,140031.77,0.29,0.94,0.95,0.93
TG00595,2026-06-15,ST019,203447.7,0.29,0.94,0.95,0.93
TG00596,2026-06-15,ST020,118332.35,0.29,0.94,0.95,0.93
TG00597,2026-06-15,ST021,156614.71,0.29,0.94,0.95,0.93
TG00598,2026-06-15,ST022,110889.65,0.29,0.94,0.95,0.93
TG00599,2026-06-15,ST023,155811.44,0.29,0.94,0.95,0.93
TG00600,2026-06-15,ST024,109805.01,0.29,0.94,0.95,0.93
TG00601,2026-06-15,ST025,95454.34,0.29,0.94,0.95,0.93
TG00602,2026-06-15,ST026,133558.13,0.29,0.94,0.95,0.93
TG00603,2026-06-15,ST027,151116.93,0.29,0.94,0.95,0.93
TG00604,2026-06-15,ST028,75911.54,0.29,0.94,0.95,0.93
TG00605,2026-06-15,ST029,125328.44,0.29,0.94,0.95,0.93
TG00606,2026-06-15,ST030,147417.93,0.29,0.94,0.95,0.93
TG00607,2026-06-15,ST031,132677.57,0.29,0.94,0.95,0.93
TG00608,2026-06-15,ST032,109906.33,0.29,0.94,0.95,0.93
TG00609,2026-06-15,ST033,61110.86,0.29,0.94,0.95,0.93
TG00610,2026-06-15,ST034,106030.87,0.29,0.94,0.95,0.93
TG00611,2026-06-15,ST035,124227.2,0.29,0.94,0.95,0.93
TG00612,2026-06-15,ST036,76220.91,0.29,0.94,0.95,0.93
TG00613,2026-06-22,ST001,127010.94,0.29,0.94,0.95,0.93
TG00614,2026-06-22,ST002,225766.75,0.29,0.94,0.95,0.93
TG00615,2026-06-22,ST003,159457.94,0.29,0.94,0.95,0.93
TG00616,2026-06-22,ST004,123479.06,0.29,0.94,0.95,0.93
TG00617,2026-06-22,ST005,237525.98,0.29,0.94,0.95,0.93
TG00618,2026-06-22,ST006,193056.74,0.29,0.94,0.95,0.93
TG00619,2026-06-22,ST007,188166.92,0.29,0.94,0.95,0.93
TG00620,2026-06-22,ST008,222214.55,0.29,0.94,0.95,0.93
TG00621,2026-06-22,ST009,146979.07,0.29,0.94,0.95,0.93
TG00622,2026-06-22,ST010,114135.83,0.29,0.94,0.95,0.93
TG00623,2026-06-22,ST011,144758.96,0.29,0.94,0.95,0.93
TG00624,2026-06-22,ST012,169804.77,0.29,0.94,0.95,0.93
TG00625,2026-06-22,ST013,183039.67,0.29,0.94,0.95,0.93
TG00626,2026-06-22,ST014,102427.54,0.29,0.94,0.95,0.93
TG00627,2026-06-22,ST015,174496.92,0.29,0.94,0.95,0.93
TG00628,2026-06-22,ST016,172074.99,0.29,0.94,0.95,0.93
TG00629,2026-06-22,ST017,87230.52,0.29,0.94,0.95,0.93
TG00630,2026-06-22,ST018,142166.84,0.29,0.94,0.95,0.93
TG00631,2026-06-22,ST019,203390.6,0.29,0.94,0.95,0.93
TG00632,2026-06-22,ST020,120139.47,0.29,0.94,0.95,0.93
TG00633,2026-06-22,ST021,157904.87,0.29,0.94,0.95,0.93
TG00634,2026-06-22,ST022,104757.56,0.29,0.94,0.95,0.93
TG00635,2026-06-22,ST023,148685.79,0.29,0.94,0.95,0.93
TG00636,2026-06-22,ST024,116041.87,0.29,0.94,0.95,0.93
TG00637,2026-06-22,ST025,86719.81,0.29,0.94,0.95,0.93
TG00638,2026-06-22,ST026,134212.91,0.29,0.94,0.95,0.93
TG00639,2026-06-22,ST027,140409.21,0.29,0.94,0.95,0.93
TG00640,2026-06-22,ST028,74257.06,0.29,0.94,0.95,0.93
TG00641,2026-06-22,ST029,118622.1,0.29,0.94,0.95,0.93
TG00642,2026-06-22,ST030,154524.33,0.29,0.94,0.95,0.93
TG00643,2026-06-22,ST031,136484.56,0.29,0.94,0.95,0.93
TG00644,2026-06-22,ST032,105018.39,0.29,0.94,0.95,0.93
TG00645,2026-06-22,ST033,66964.64,0.29,0.94,0.95,0.93
TG00646,2026-06-22,ST034,90307.52,0.29,0.94,0.95,0.93
TG00647,2026-06-22,ST035,121807.34,0.29,0.94,0.95,0.93
TG00648,2026-06-22,ST036,75228.45,0.29,0.94,0.95,0.93
TG00649,2026-06-29,ST001,128517.1,0.29,0.94,0.95,0.93
TG00650,2026-06-29,ST002,237113.33,0.29,0.94,0.95,0.93
TG00651,2026-06-29,ST003,161186.16,0.29,0.94,0.95,0.93
TG00652,2026-06-29,ST004,122676.25,0.29,0.94,0.95,0.93
TG00653,2026-06-29,ST005,239505.6,0.29,0.94,0.95,0.93
TG00654,2026-06-29,ST006,184562.72,0.29,0.94,0.95,0.93
TG00655,2026-06-29,ST007,179199.47,0.29,0.94,0.95,0.93
TG00656,2026-06-29,ST008,224681.94,0.29,0.94,0.95,0.93
TG00657,2026-06-29,ST009,159162.3,0.29,0.94,0.95,0.93
TG00658,2026-06-29,ST010,111630.79,0.29,0.94,0.95,0.93
TG00659,2026-06-29,ST011,143482.13,0.29,0.94,0.95,0.93
TG00660,2026-06-29,ST012,159819.19,0.29,0.94,0.95,0.93
TG00661,2026-06-29,ST013,163992.09,0.29,0.94,0.95,0.93
TG00662,2026-06-29,ST014,101972.81,0.29,0.94,0.95,0.93
TG00663,2026-06-29,ST015,171337.24,0.29,0.94,0.95,0.93
TG00664,2026-06-29,ST016,182780.89,0.29,0.94,0.95,0.93
TG00665,2026-06-29,ST017,86312.66,0.29,0.94,0.95,0.93
TG00666,2026-06-29,ST018,144635.03,0.29,0.94,0.95,0.93
TG00667,2026-06-29,ST019,204926.99,0.29,0.94,0.95,0.93
TG00668,2026-06-29,ST020,125204.71,0.29,0.94,0.95,0.93
TG00669,2026-06-29,ST021,157445.05,0.29,0.94,0.95,0.93
TG00670,2026-06-29,ST022,102182.09,0.29,0.94,0.95,0.93
TG00671,2026-06-29,ST023,158413.57,0.29,0.94,0.95,0.93
TG00672,2026-06-29,ST024,118560.47,0.29,0.94,0.95,0.93
TG00673,2026-06-29,ST025,98068.38,0.29,0.94,0.95,0.93
TG00674,2026-06-29,ST026,137763.55,0.29,0.94,0.95,0.93
TG00675,2026-06-29,ST027,151700.33,0.29,0.94,0.95,0.93
TG00676,2026-06-29,ST028,77030.28,0.29,0.94,0.95,0.93
TG00677,2026-06-29,ST029,126095.72,0.29,0.94,0.95,0.93
TG00678,2026-06-29,ST030,154216.85,0.29,0.94,0.95,0.93
TG00679,2026-06-29,ST031,129956.59,0.29,0.94,0.95,0.93
TG00680,2026-06-29,ST032,115632.62,0.29,0.94,0.95,0.93
TG00681,2026-06-29,ST033,66611.33,0.29,0.94,0.95,0.93
TG00682,2026-06-29,ST034,94808.1,0.29,0.94,0.95,0.93
TG00683,2026-06-29,ST035,127823.53,0.29,0.94,0.95,0.93
TG00684,2026-06-29,ST036,78109.12,0.29,0.94,0.95,0.93
TG00685,2026-07-06,ST001,130892.52,0.29,0.94,0.95,0.93
TG00686,2026-07-06,ST002,222433.89,0.29,0.94,0.95,0.93
TG00687,2026-07-06,ST003,164545.19,0.29,0.94,0.95,0.93
TG00688,2026-07-06,ST004,115922.37,0.29,0.94,0.95,0.93
TG00689,2026-07-06,ST005,237154.43,0.29,0.94,0.95,0.93
TG00690,2026-07-06,ST006,179758.92,0.29,0.94,0.95,0.93
TG00691,2026-07-06,ST007,186939.11,0.29,0.94,0.95,0.93
TG00692,2026-07-06,ST008,222906.37,0.29,0.94,0.95,0.93
TG00693,2026-07-06,ST009,153055.46,0.29,0.94,0.95,0.93
TG00694,2026-07-06,ST010,114512.7,0.29,0.94,0.95,0.93
TG00695,2026-07-06,ST011,144823.71,0.29,0.94,0.95,0.93
TG00696,2026-07-06,ST012,158195.76,0.29,0.94,0.95,0.93
TG00697,2026-07-06,ST013,170735.0,0.29,0.94,0.95,0.93
TG00698,2026-07-06,ST014,99169.59,0.29,0.94,0.95,0.93
TG00699,2026-07-06,ST015,168055.91,0.29,0.94,0.95,0.93
TG00700,2026-07-06,ST016,178866.27,0.29,0.94,0.95,0.93
TG00701,2026-07-06,ST017,83701.22,0.29,0.94,0.95,0.93
TG00702,2026-07-06,ST018,143433.43,0.29,0.94,0.95,0.93
TG00703,2026-07-06,ST019,205343.5,0.29,0.94,0.95,0.93
TG00704,2026-07-06,ST020,123368.28,0.29,0.94,0.95,0.93
TG00705,2026-07-06,ST021,164276.6,0.29,0.94,0.95,0.93
TG00706,2026-07-06,ST022,106269.38,0.29,0.94,0.95,0.93
TG00707,2026-07-06,ST023,164383.94,0.29,0.94,0.95,0.93
TG00708,2026-07-06,ST024,111513.39,0.29,0.94,0.95,0.93
TG00709,2026-07-06,ST025,96425.72,0.29,0.94,0.95,0.93
TG00710,2026-07-06,ST026,132913.8,0.29,0.94,0.95,0.93
TG00711,2026-07-06,ST027,149380.98,0.29,0.94,0.95,0.93
TG00712,2026-07-06,ST028,76411.51,0.29,0.94,0.95,0.93
TG00713,2026-07-06,ST029,129146.69,0.29,0.94,0.95,0.93
TG00714,2026-07-06,ST030,149097.8,0.29,0.94,0.95,0.93
TG00715,2026-07-06,ST031,142305.19,0.29,0.94,0.95,0.93
TG00716,2026-07-06,ST032,106199.52,0.29,0.94,0.95,0.93
TG00717,2026-07-06,ST033,66124.52,0.29,0.94,0.95,0.93
TG00718,2026-07-06,ST034,105333.45,0.29,0.94,0.95,0.93
TG00719,2026-07-06,ST035,118518.74,0.29,0.94,0.95,0.93
TG00720,2026-07-06,ST036,78463.39,0.29,0.94,0.95,0.93
TG00721,2026-07-13,ST001,135133.88,0.29,0.94,0.95,0.93
TG00722,2026-07-13,ST002,225141.02,0.29,0.94,0.95,0.93
TG00723,2026-07-13,ST003,163357.57,0.29,0.94,0.95,0.93
TG00724,2026-07-13,ST004,125054.21,0.29,0.94,0.95,0.93
TG00725,2026-07-13,ST005,258234.58,0.29,0.94,0.95,0.93
TG00726,2026-07-13,ST006,183282.77,0.29,0.94,0.95,0.93
TG00727,2026-07-13,ST007,186039.97,0.29,0.94,0.95,0.93
TG00728,2026-07-13,ST008,222624.83,0.29,0.94,0.95,0.93
TG00729,2026-07-13,ST009,149976.22,0.29,0.94,0.95,0.93
TG00730,2026-07-13,ST010,113669.74,0.29,0.94,0.95,0.93
TG00731,2026-07-13,ST011,146702.07,0.29,0.94,0.95,0.93
TG00732,2026-07-13,ST012,161731.4,0.29,0.94,0.95,0.93
TG00733,2026-07-13,ST013,167430.42,0.29,0.94,0.95,0.93
TG00734,2026-07-13,ST014,93995.99,0.29,0.94,0.95,0.93
TG00735,2026-07-13,ST015,165427.54,0.29,0.94,0.95,0.93
TG00736,2026-07-13,ST016,179532.36,0.29,0.94,0.95,0.93
TG00737,2026-07-13,ST017,86440.07,0.29,0.94,0.95,0.93
TG00738,2026-07-13,ST018,144790.39,0.29,0.94,0.95,0.93
TG00739,2026-07-13,ST019,196552.28,0.29,0.94,0.95,0.93
TG00740,2026-07-13,ST020,122410.66,0.29,0.94,0.95,0.93
TG00741,2026-07-13,ST021,162890.69,0.29,0.94,0.95,0.93
TG00742,2026-07-13,ST022,106717.69,0.29,0.94,0.95,0.93
TG00743,2026-07-13,ST023,160793.32,0.29,0.94,0.95,0.93
TG00744,2026-07-13,ST024,110835.95,0.29,0.94,0.95,0.93
TG00745,2026-07-13,ST025,94776.62,0.29,0.94,0.95,0.93
TG00746,2026-07-13,ST026,143652.38,0.29,0.94,0.95,0.93
TG00747,2026-07-13,ST027,138262.46,0.29,0.94,0.95,0.93
TG00748,2026-07-13,ST028,74463.96,0.29,0.94,0.95,0.93
TG00749,2026-07-13,ST029,124177.69,0.29,0.94,0.95,0.93
TG00750,2026-07-13,ST030,140025.92,0.29,0.94,0.95,0.93
TG00751,2026-07-13,ST031,140305.34,0.29,0.94,0.95,0.93
TG00752,2026-07-13,ST032,115003.24,0.29,0.94,0.95,0.93
TG00753,2026-07-13,ST033,70799.24,0.29,0.94,0.95,0.93
TG00754,2026-07-13,ST034,105832.53,0.29,0.94,0.95,0.93
TG00755,2026-07-13,ST035,126185.06,0.29,0.94,0.95,0.93
TG00756,2026-07-13,ST036,72254.8,0.29,0.94,0.95,0.93
TG00757,2026-07-20,ST001,138369.04,0.29,0.94,0.95,0.93
TG00758,2026-07-20,ST002,227650.68,0.29,0.94,0.95,0.93
TG00759,2026-07-20,ST003,161124.86,0.29,0.94,0.95,0.93
TG00760,2026-07-20,ST004,125619.89,0.29,0.94,0.95,0.93
TG00761,2026-07-20,ST005,232020.07,0.29,0.94,0.95,0.93
TG00762,2026-07-20,ST006,186874.66,0.29,0.94,0.95,0.93
TG00763,2026-07-20,ST007,190481.2,0.29,0.94,0.95,0.93
TG00764,2026-07-20,ST008,231564.33,0.29,0.94,0.95,0.93
TG00765,2026-07-20,ST009,151919.41,0.29,0.94,0.95,0.93
TG00766,2026-07-20,ST010,108702.42,0.29,0.94,0.95,0.93
TG00767,2026-07-20,ST011,144443.1,0.29,0.94,0.95,0.93
TG00768,2026-07-20,ST012,162507.48,0.29,0.94,0.95,0.93
TG00769,2026-07-20,ST013,163302.17,0.29,0.94,0.95,0.93
TG00770,2026-07-20,ST014,99369.49,0.29,0.94,0.95,0.93
TG00771,2026-07-20,ST015,166105.33,0.29,0.94,0.95,0.93
TG00772,2026-07-20,ST016,178160.48,0.29,0.94,0.95,0.93
TG00773,2026-07-20,ST017,91183.7,0.29,0.94,0.95,0.93
TG00774,2026-07-20,ST018,135936.95,0.29,0.94,0.95,0.93
TG00775,2026-07-20,ST019,212213.96,0.29,0.94,0.95,0.93
TG00776,2026-07-20,ST020,122882.79,0.29,0.94,0.95,0.93
TG00777,2026-07-20,ST021,167486.99,0.29,0.94,0.95,0.93
TG00778,2026-07-20,ST022,117190.22,0.29,0.94,0.95,0.93
TG00779,2026-07-20,ST023,169933.12,0.29,0.94,0.95,0.93
TG00780,2026-07-20,ST024,111168.79,0.29,0.94,0.95,0.93
TG00781,2026-07-20,ST025,104768.98,0.29,0.94,0.95,0.93
TG00782,2026-07-20,ST026,142191.73,0.29,0.94,0.95,0.93
TG00783,2026-07-20,ST027,155553.04,0.29,0.94,0.95,0.93
TG00784,2026-07-20,ST028,81409.01,0.29,0.94,0.95,0.93
TG00785,2026-07-20,ST029,132707.72,0.29,0.94,0.95,0.93
TG00786,2026-07-20,ST030,156392.09,0.29,0.94,0.95,0.93
TG00787,2026-07-20,ST031,132613.21,0.29,0.94,0.95,0.93
TG00788,2026-07-20,ST032,109952.97,0.29,0.94,0.95,0.93
TG00789,2026-07-20,ST033,72061.14,0.29,0.94,0.95,0.93
TG00790,2026-07-20,ST034,99506.06,0.29,0.94,0.95,0.93
TG00791,2026-07-20,ST035,130856.99,0.29,0.94,0.95,0.93
TG00792,2026-07-20,ST036,82582.34,0.29,0.94,0.95,0.93
TG00793,2026-07-27,ST001,133668.52,0.29,0.94,0.95,0.93
TG00794,2026-07-27,ST002,236087.31,0.29,0.94,0.95,0.93
TG00795,2026-07-27,ST003,168819.43,0.29,0.94,0.95,0.93
TG00796,2026-07-27,ST004,121701.64,0.29,0.94,0.95,0.93
TG00797,2026-07-27,ST005,245130.7,0.29,0.94,0.95,0.93
TG00798,2026-07-27,ST006,186777.88,0.29,0.94,0.95,0.93
TG00799,2026-07-27,ST007,185385.07,0.29,0.94,0.95,0.93
TG00800,2026-07-27,ST008,220010.69,0.29,0.94,0.95,0.93
TG00801,2026-07-27,ST009,153565.54,0.29,0.94,0.95,0.93
TG00802,2026-07-27,ST010,112013.43,0.29,0.94,0.95,0.93
TG00803,2026-07-27,ST011,146662.75,0.29,0.94,0.95,0.93
TG00804,2026-07-27,ST012,159803.27,0.29,0.94,0.95,0.93
TG00805,2026-07-27,ST013,174812.97,0.29,0.94,0.95,0.93
TG00806,2026-07-27,ST014,98056.92,0.29,0.94,0.95,0.93
TG00807,2026-07-27,ST015,171715.77,0.29,0.94,0.95,0.93
TG00808,2026-07-27,ST016,169239.13,0.29,0.94,0.95,0.93
TG00809,2026-07-27,ST017,90469.09,0.29,0.94,0.95,0.93
TG00810,2026-07-27,ST018,146143.81,0.29,0.94,0.95,0.93
TG00811,2026-07-27,ST019,204495.45,0.29,0.94,0.95,0.93
TG00812,2026-07-27,ST020,130646.89,0.29,0.94,0.95,0.93
TG00813,2026-07-27,ST021,171923.02,0.29,0.94,0.95,0.93
TG00814,2026-07-27,ST022,105165.94,0.29,0.94,0.95,0.93
TG00815,2026-07-27,ST023,169246.35,0.29,0.94,0.95,0.93
TG00816,2026-07-27,ST024,112112.29,0.29,0.94,0.95,0.93
TG00817,2026-07-27,ST025,101964.21,0.29,0.94,0.95,0.93
TG00818,2026-07-27,ST026,153700.45,0.29,0.94,0.95,0.93
TG00819,2026-07-27,ST027,154223.72,0.29,0.94,0.95,0.93
TG00820,2026-07-27,ST028,79135.22,0.29,0.94,0.95,0.93
TG00821,2026-07-27,ST029,126275.4,0.29,0.94,0.95,0.93
TG00822,2026-07-27,ST030,150721.25,0.29,0.94,0.95,0.93
TG00823,2026-07-27,ST031,146415.23,0.29,0.94,0.95,0.93
TG00824,2026-07-27,ST032,123686.06,0.29,0.94,0.95,0.93
TG00825,2026-07-27,ST033,68620.25,0.29,0.94,0.95,0.93
TG00826,2026-07-27,ST034,100587.12,0.29,0.94,0.95,0.93
TG00827,2026-07-27,ST035,136536.11,0.29,0.94,0.95,0.93
TG00828,2026-07-27,ST036,77804.44,0.29,0.94,0.95,0.93
TG00829,2026-08-03,ST001,123965.26,0.29,0.94,0.95,0.93
TG00830,2026-08-03,ST002,214089.86,0.29,0.94,0.95,0.93
TG00831,2026-08-03,ST003,163231.99,0.29,0.94,0.95,0.93
TG00832,2026-08-03,ST004,119400.08,0.29,0.94,0.95,0.93
TG00833,2026-08-03,ST005,232746.08,0.29,0.94,0.95,0.93
TG00834,2026-08-03,ST006,184320.3,0.29,0.94,0.95,0.93
TG00835,2026-08-03,ST007,172390.66,0.29,0.94,0.95,0.93
TG00836,2026-08-03,ST008,217755.27,0.29,0.94,0.95,0.93
TG00837,2026-08-03,ST009,145510.51,0.29,0.94,0.95,0.93
TG00838,2026-08-03,ST010,106656.7,0.29,0.94,0.95,0.93
TG00839,2026-08-03,ST011,154501.76,0.29,0.94,0.95,0.93
TG00840,2026-08-03,ST012,162898.29,0.29,0.94,0.95,0.93
TG00841,2026-08-03,ST013,157316.31,0.29,0.94,0.95,0.93
TG00842,2026-08-03,ST014,100555.94,0.29,0.94,0.95,0.93
TG00843,2026-08-03,ST015,168382.28,0.29,0.94,0.95,0.93
TG00844,2026-08-03,ST016,172514.19,0.29,0.94,0.95,0.93
TG00845,2026-08-03,ST017,91406.71,0.29,0.94,0.95,0.93
TG00846,2026-08-03,ST018,134607.22,0.29,0.94,0.95,0.93
TG00847,2026-08-03,ST019,197050.69,0.29,0.94,0.95,0.93
TG00848,2026-08-03,ST020,119919.36,0.29,0.94,0.95,0.93
TG00849,2026-08-03,ST021,167115.79,0.29,0.94,0.95,0.93
TG00850,2026-08-03,ST022,102514.54,0.29,0.94,0.95,0.93
TG00851,2026-08-03,ST023,166440.62,0.29,0.94,0.95,0.93
TG00852,2026-08-03,ST024,105798.43,0.29,0.94,0.95,0.93
TG00853,2026-08-03,ST025,106350.61,0.29,0.94,0.95,0.93
TG00854,2026-08-03,ST026,134366.91,0.29,0.94,0.95,0.93
TG00855,2026-08-03,ST027,153526.69,0.29,0.94,0.95,0.93
TG00856,2026-08-03,ST028,73293.57,0.29,0.94,0.95,0.93
TG00857,2026-08-03,ST029,123363.6,0.29,0.94,0.95,0.93
TG00858,2026-08-03,ST030,155085.16,0.29,0.94,0.95,0.93
TG00859,2026-08-03,ST031,143938.36,0.29,0.94,0.95,0.93
TG00860,2026-08-03,ST032,109195.67,0.29,0.94,0.95,0.93
TG00861,2026-08-03,ST033,60548.66,0.29,0.94,0.95,0.93
TG00862,2026-08-03,ST034,92082.21,0.29,0.94,0.95,0.93
TG00863,2026-08-03,ST035,123861.79,0.29,0.94,0.95,0.93
TG00864,2026-08-03,ST036,77752.2,0.29,0.94,0.95,0.93
TG00865,2026-08-10,ST001,127806.75,0.29,0.94,0.95,0.93
TG00866,2026-08-10,ST002,226177.59,0.29,0.94,0.95,0.93
TG00867,2026-08-10,ST003,165113.03,0.29,0.94,0.95,0.93
TG00868,2026-08-10,ST004,116563.72,0.29,0.94,0.95,0.93
TG00869,2026-08-10,ST005,232258.28,0.29,0.94,0.95,0.93
TG00870,2026-08-10,ST006,185487.95,0.29,0.94,0.95,0.93
TG00871,2026-08-10,ST007,176549.68,0.29,0.94,0.95,0.93
TG00872,2026-08-10,ST008,228794.0,0.29,0.94,0.95,0.93
TG00873,2026-08-10,ST009,147363.75,0.29,0.94,0.95,0.93
TG00874,2026-08-10,ST010,108133.77,0.29,0.94,0.95,0.93
TG00875,2026-08-10,ST011,150918.04,0.29,0.94,0.95,0.93
TG00876,2026-08-10,ST012,160073.52,0.29,0.94,0.95,0.93
TG00877,2026-08-10,ST013,170423.16,0.29,0.94,0.95,0.93
TG00878,2026-08-10,ST014,101469.78,0.29,0.94,0.95,0.93
TG00879,2026-08-10,ST015,167528.42,0.29,0.94,0.95,0.93
TG00880,2026-08-10,ST016,176015.99,0.29,0.94,0.95,0.93
TG00881,2026-08-10,ST017,87424.33,0.29,0.94,0.95,0.93
TG00882,2026-08-10,ST018,140285.6,0.29,0.94,0.95,0.93
TG00883,2026-08-10,ST019,194431.01,0.29,0.94,0.95,0.93
TG00884,2026-08-10,ST020,118872.06,0.29,0.94,0.95,0.93
TG00885,2026-08-10,ST021,160637.27,0.29,0.94,0.95,0.93
TG00886,2026-08-10,ST022,105346.03,0.29,0.94,0.95,0.93
TG00887,2026-08-10,ST023,169904.18,0.29,0.94,0.95,0.93
TG00888,2026-08-10,ST024,115788.35,0.29,0.94,0.95,0.93
TG00889,2026-08-10,ST025,102136.37,0.29,0.94,0.95,0.93
TG00890,2026-08-10,ST026,141787.5,0.29,0.94,0.95,0.93
TG00891,2026-08-10,ST027,147426.85,0.29,0.94,0.95,0.93
TG00892,2026-08-10,ST028,74033.49,0.29,0.94,0.95,0.93
TG00893,2026-08-10,ST029,122375.57,0.29,0.94,0.95,0.93
TG00894,2026-08-10,ST030,155380.31,0.29,0.94,0.95,0.93
TG00895,2026-08-10,ST031,140778.32,0.29,0.94,0.95,0.93
TG00896,2026-08-10,ST032,113866.19,0.29,0.94,0.95,0.93
TG00897,2026-08-10,ST033,64954.43,0.29,0.94,0.95,0.93
TG00898,2026-08-10,ST034,101694.44,0.29,0.94,0.95,0.93
TG00899,2026-08-10,ST035,123175.41,0.29,0.94,0.95,0.93
TG00900,2026-08-10,ST036,79641.43,0.29,0.94,0.95,0.93
TG00901,2026-08-17,ST001,130821.95,0.29,0.94,0.95,0.93
TG00902,2026-08-17,ST002,225998.61,0.29,0.94,0.95,0.93
TG00903,2026-08-17,ST003,158740.1,0.29,0.94,0.95,0.93
TG00904,2026-08-17,ST004,125328.06,0.29,0.94,0.95,0.93
TG00905,2026-08-17,ST005,231366.56,0.29,0.94,0.95,0.93
TG00906,2026-08-17,ST006,184885.55,0.29,0.94,0.95,0.93
TG00907,2026-08-17,ST007,180153.89,0.29,0.94,0.95,0.93
TG00908,2026-08-17,ST008,225387.18,0.29,0.94,0.95,0.93
TG00909,2026-08-17,ST009,151435.15,0.29,0.94,0.95,0.93
TG00910,2026-08-17,ST010,105966.19,0.29,0.94,0.95,0.93
TG00911,2026-08-17,ST011,146775.3,0.29,0.94,0.95,0.93
TG00912,2026-08-17,ST012,163216.33,0.29,0.94,0.95,0.93
TG00913,2026-08-17,ST013,171970.06,0.29,0.94,0.95,0.93
TG00914,2026-08-17,ST014,93700.83,0.29,0.94,0.95,0.93
TG00915,2026-08-17,ST015,165511.77,0.29,0.94,0.95,0.93
TG00916,2026-08-17,ST016,170718.03,0.29,0.94,0.95,0.93
TG00917,2026-08-17,ST017,90026.05,0.29,0.94,0.95,0.93
TG00918,2026-08-17,ST018,147047.67,0.29,0.94,0.95,0.93
TG00919,2026-08-17,ST019,211028.53,0.29,0.94,0.95,0.93
TG00920,2026-08-17,ST020,126072.38,0.29,0.94,0.95,0.93
TG00921,2026-08-17,ST021,161466.59,0.29,0.94,0.95,0.93
TG00922,2026-08-17,ST022,111620.64,0.29,0.94,0.95,0.93
TG00923,2026-08-17,ST023,163640.65,0.29,0.94,0.95,0.93
TG00924,2026-08-17,ST024,115619.72,0.29,0.94,0.95,0.93
TG00925,2026-08-17,ST025,102643.5,0.29,0.94,0.95,0.93
TG00926,2026-08-17,ST026,139596.11,0.29,0.94,0.95,0.93
TG00927,2026-08-17,ST027,152628.71,0.29,0.94,0.95,0.93
TG00928,2026-08-17,ST028,79100.72,0.29,0.94,0.95,0.93
TG00929,2026-08-17,ST029,119695.62,0.29,0.94,0.95,0.93
TG00930,2026-08-17,ST030,156941.56,0.29,0.94,0.95,0.93
TG00931,2026-08-17,ST031,139482.46,0.29,0.94,0.95,0.93
TG00932,2026-08-17,ST032,120212.09,0.29,0.94,0.95,0.93
TG00933,2026-08-17,ST033,69256.11,0.29,0.94,0.95,0.93
TG00934,2026-08-17,ST034,98248.18,0.29,0.94,0.95,0.93
TG00935,2026-08-17,ST035,125207.61,0.29,0.94,0.95,0.93
TG00936,2026-08-17,ST036,76961.73,0.29,0.94,0.95,0.93
